INSERT INTO head_word (id, entry, language)
VALUES 
(1, 'abum', 1),
(2, 'ālum', 1),
(3, 'amtum', 1),
(4, 'bēlum', 1),
(5, 'ḫuraṣum', 1),
(6, 'iltum', 1),
(7, 'ilum', 1),
(8, 'kaspum', 1),
(9, 'mārtum', 1),
(10, 'mārum', 1),
(11, 'qaqqadum', 1),
(12, 'ṣabum', 1),
(13, 'šarratum', 1),
(14, 'šarrum', 1),
(15, 'wardum', 1),
(16, 'u', 1),
(17, 'אָב', 4),
(18, 'אֹ֫הֶל', 4),
(19, 'אָמָה', 4),
(20, 'בַּ֫עַל', 4),
(21, 'חָרוּץ', 4),
(22, 'זָהָב', 4),
(23, 'אֵל', 4),
(24, 'כֶּסֶף', 4),
(25, 'מָרֵא', 5),
(26, 'קָדְקֹד', 4),
(27, 'צָבָא', 4),
(28, 'שַׂר', 4),
(29, 'שָׂרָה', 4),
(30, 'ו', 4);

INSERT INTO head_word_definition (head_word_id, gloss, full_definition)
VALUES
(1, 'father', 'father'),
(2, 'city', 'town, city'),
(3, 'female slave', 'female slave, woman servant'),
(4, 'lord', 'lord, master, owner'),
(5, 'gold', 'gold'),
(6, 'goddess', 'goddess'),
(7, 'god', 'god'),
(8, 'silver', 'silver'),
(9, 'daughter', 'daughter'),
(10, 'son', 'son'),
(11, 'head', 'head, top'),
(11, 'person', 'person, metonymic from head'),
(11, 'principal (amount)', 'principal (amount)'),
(12, 'worker', 'worker'),
(12, 'soldier', 'soldier'),
(12, 'gang', 'gang of workers'),
(12, 'army', 'gang, troop'),
(13, 'queen', 'queen'),
(14, 'king', 'king'),
(15, 'male slave', 'male slave manservant'),
(16, 'and', 'and'),
(17, 'father', 'father'),
(18, 'tent', 'tent'),
(19, 'female slave', 'female slave, maidservant, concubine'),
(20, 'owner', 'lord, owner'),
(20, 'husband', 'husband, owner'),
(20, 'Baal', 'Baal, lord, owner'),
(21, 'gold', 'gold (poetic)'),
(22, 'gold', 'gold'),
(23, 'god', 'god'),
(24, 'silver', 'silver'),
(25, 'lord', 'lord, often as divine name'),
(26, 'crown of the head', 'crown of the head'),
(26, 'skull', 'skull'),
(27, 'militry service', 'military service'),
(27, 'army', 'army, troops'),
(27, 'heavenly bodies', 'heavenly bodies, stars'),
(28, 'leader', 'leader, commander, prince'),
(29, 'princess', 'princess, woman of rank'),
(30, 'and', 'and');

INSERT INTO related_head_words (relationship_type_id, entry_id_1, entry_id_2)
VALUES
(3, 1, 9),
(3, 1, 10),
(3, 3, 15),
(3, 5, 8),
(1, 1, 17),
(1, 2, 18),
(1, 3, 19),
(1, 4, 20),
(1, 5, 21),
(2, 21, 22),
(1, 6, 23),
(1, 7, 23),
(1, 8, 24),
(1, 9, 25),
(1, 10, 25),
(1, 11, 26),
(1, 12, 27),
(1, 13, 28),
(1, 14, 29),
(1, 16, 30);

INSERT INTO form_details (id, form, form_gloss, transliteration, source_id, source_reference, note_text, part_of_speech_id, gender_id, number_id, case_id, state_id, mood_id, tense_id, stem_id, voice_id, person_id, verbal_noun_id)
VALUES
(1, 'abum', '', '', 1, '1', '', 1, 1, 1, 1, 1, '', '', '', '', '', ''),
(2, 'ālum', '', '', 1, '1', '', 1, 1, 1, 1, 1, '', '', '', '', '', ''),
(3, 'amtum', '', '', 1, '1', '', 1, 2, 1, 1, 1, '', '', '', '', '', ''),
(4, 'bēlum', '', '', 1, '1', '', 1, 1, 1, 1, 1, '', '', '', '', '', ''),
(5, 'ḫuraṣum', '', '', 1, '1', '', 1, 1, 1, 1, 1, '', '', '', '', '', ''),
(6, 'iltum', '', '', 1, '1', '', 1, 2, 1, 1, 1, '', '', '', '', '', ''),
(7, 'ilum', '', '', 1, '1', '', 1, 1, 1, 1, 1, '', '', '', '', '', ''),
(8, 'kaspum', '', '', 1, '1', '', 1, 1, 1, 1, 1, '', '', '', '', '', ''),
(9, 'mārtum', '', '', 1, '1', '', 1, 2, 1, 1, 1, '', '', '', '', '', ''),
(10, 'mārum', '', '', 1, '1', '', 1, 1, 1, 1, 1, '', '', '', '', '', ''),
(11, 'qaqqadum', '', '', 1, '1', '', 1, 1, 1, 1, 1, '', '', '', '', '', ''),
(12, 'ṣabum', '', '', 1, '1', '', 1, 1, 1, 1, 1, '', '', '', '', '', ''),
(13, 'šarratum', '', '', 1, '1', '', 1, 2, 1, 1, 1, '', '', '', '', '', ''),
(14, 'šarrum', '', '', 1, '1', '', 1, 1, 1, 1, 1, '', '', '', '', '', ''),
(15, 'wardum', '', '', 1, '1', '', 1, 1, 1, 1, 1, '', '', '', '', '', ''),
(16, 'u', '', '', 2, '', '', 1, '', 1, 1, 1, '', '', '', '', '', ''),
(17, 'אָב', '', '', 2, '', '', 1, '', 1, 1, 1, '', '', '', '', '', ''),
(18, 'אֹ֫הֶל', '', '', 2, '', '', 1, '', 1, 1, 1, '', '', '', '', '', ''),
(19, 'אָמָה', '', '', 2, '', '', 1, '', 1, 1, 1, '', '', '', '', '', ''),
(20, 'בַּ֫עַל', '', '', 2, '', '', 1, '', 1, 1, 1, '', '', '', '', '', ''),
(21, 'חָרוּץ', '', '', 2, '', '', 1, '', 1, 1, 1, '', '', '', '', '', ''),
(22, 'זָהָב', '', '', 2, '', '', 1, '', 1, 1, 1, '', '', '', '', '', ''),
(23, 'אֵל', '', '', 2, '', '', 1, '', 1, 1, 1, '', '', '', '', '', ''),
(24, 'כֶּסֶף', '', '', 2, '', '', 1, '', 1, 1, 1, '', '', '', '', '', ''),
(25, 'מָרֵא', '', '', 2, '', '', 1, '', 1, 1, 1, '', '', '', '', '', ''),
(26, 'קָדְקֹד', '', '', 2, '', '', 1, '', 1, 1, 1, '', '', '', '', '', ''),
(27, 'צָבָא', '', '', 2, '', '', 1, '', 1, 1, 1, '', '', '', '', '', ''),
(28, 'שַׂר', '', '', 2, '', '', 1, '', 1, 1, 1, '', '', '', '', '', ''),
(29, 'שָׂרָה', '', '', 2, '', '', 1, '', 1, 1, 1, '', '', '', '', '', ''),
(30, 'ו', '', '', 2, '', '', 1, 1, '', 1, 1, '', '', '', '', '', '');
